alice_sec,6cd4b551c476c8ab9d44a39bbebcec3916a7a61c9b6870ff5bc827b69f3abf66
bob_admin,e9bdbb3e4fdb0f3238cbfd6274e6dc5e2b5916d4e6a65f7cc1b113f7ff6732a1
carol_dev,4c754977ac2b8afbcc3ac7d126a0f98468fb03d7f0340f2bec88356449a3eaa6
dave_net,2c882da9478958d644eb77b0e9b466d8a9214051ae9f6ee638f5403fc11b0baa
erin_ops,f72075d5d73dcfe9a17a75ae99bf6d874931e703be621cc356942900fbc000c0
frank_qa,1e2d008838ba37aa70a73968021a9544a839d97c02ccd05708a82dc4f26aa042
grace_it,9b8fa0f98618f4aac6cbb988394dd43844178b1051b596fdaf753109e5cda876
heidi_hr,e0a8647c1e5ba89945d80ec56b53d4b1dcbfeef7fb5d8c65c65e6c515feeba5d
ivan_fin,f972a89edc549c2dcf31642b55024e0f0d888ff7b188a5562f27e28db5d329d4
judy_pm,fe5a7a0def0a4a938942a9ea2641ce2d60617a2e58235ccd79779e65e03a3281
